Brain name,Time to update policy,Time since start of training,Time for last experience collection,Number of experiences used for training,Mean return
SingleSwingLearning,0.878,696.190,680.674,10241,-0.115
SingleSwingLearning,0.656,1392.196,681.020,10241,-0.113
SingleSwingLearning,0.633,2054.798,648.380,10241,-0.112
SingleSwingLearning,0.646,2683.574,614.939,10242,-0.111
SingleSwingLearning,0.642,3302.935,605.580,10242,-0.112
SingleSwingLearning,0.673,3915.250,596.574,10246,-0.111
SingleSwingLearning,0.631,4530.730,600.174,10242,-0.111
SingleSwingLearning,0.624,5064.119,517.722,10243,-0.111
SingleSwingLearning,0.624,5502.947,427.382,10242,-0.111
SingleSwingLearning,0.635,5856.089,342.387,10250,-0.112
SingleSwingLearning,0.620,6173.886,305.645,10242,-0.112
SingleSwingLearning,0.623,6446.214,262.490,10243,-0.111
SingleSwingLearning,0.626,6663.587,208.256,10246,-0.110
SingleSwingLearning,0.632,6859.012,186.535,10249,-0.109
SingleSwingLearning,0.627,7022.722,155.037,10250,-0.107
SingleSwingLearning,0.616,7171.041,139.919,10246,-0.106
SingleSwingLearning,0.625,7309.359,129.396,10248,-0.105
SingleSwingLearning,0.627,7456.507,138.649,10282,-0.103
SingleSwingLearning,0.653,7584.476,118.370,10249,-0.102
SingleSwingLearning,0.600,7710.461,115.729,10243,-0.100
SingleSwingLearning,0.610,7832.717,112.803,10249,-0.099
SingleSwingLearning,0.606,7949.565,106.313,10257,-0.097
SingleSwingLearning,0.630,8066.425,107.956,10266,-0.096
SingleSwingLearning,0.622,8167.914,92.205,10246,-0.095
SingleSwingLearning,0.652,8268.049,90.571,10241,-0.093
SingleSwingLearning,0.653,8365.245,88.114,10249,-0.092
SingleSwingLearning,0.656,8459.341,84.332,10251,-0.090
SingleSwingLearning,0.651,8549.457,80.386,10241,-0.089
SingleSwingLearning,0.634,8635.549,76.233,10241,-0.088
SingleSwingLearning,0.630,8718.525,73.442,10243,-0.087
SingleSwingLearning,0.640,8804.080,75.855,10252,-0.086
SingleSwingLearning,0.616,8892.469,78.439,10270,-0.086
SingleSwingLearning,0.609,8989.339,88.114,10252,-0.085
SingleSwingLearning,0.636,9090.330,92.680,10248,-0.085
SingleSwingLearning,0.609,9186.312,88.046,10289,-0.084
SingleSwingLearning,0.650,9286.685,91.383,10255,-0.084
SingleSwingLearning,0.609,9384.991,88.898,10251,-0.083
SingleSwingLearning,0.618,9485.469,92.298,10260,-0.082
SingleSwingLearning,0.611,9584.087,90.722,10282,-0.082
SingleSwingLearning,0.612,9677.972,86.071,10255,-0.081
SingleSwingLearning,0.607,9780.559,94.649,10247,-0.080
SingleSwingLearning,0.618,9876.570,88.103,10243,-0.079
SingleSwingLearning,0.618,9973.524,89.081,10281,-0.079
SingleSwingLearning,0.627,10068.552,87.178,10302,-0.078
SingleSwingLearning,0.628,10162.281,85.891,10266,-0.077
SingleSwingLearning,0.620,10255.582,85.529,10255,-0.076
SingleSwingLearning,0.634,10350.134,86.594,10288,-0.076
SingleSwingLearning,0.650,10449.623,91.082,10270,-0.075
SingleSwingLearning,0.651,10554.689,95.859,10281,-0.074
SingleSwingLearning,0.599,10656.012,92.039,10248,-0.074
SingleSwingLearning,0.618,10758.605,94.152,10243,-0.073
SingleSwingLearning,0.618,10867.488,100.718,10269,-0.072
SingleSwingLearning,0.616,10971.520,96.102,10245,-0.071
SingleSwingLearning,0.598,11071.928,92.133,10280,-0.070
SingleSwingLearning,0.636,11179.421,98.646,10241,-0.069
SingleSwingLearning,0.617,11283.007,93.867,10282,-0.069
SingleSwingLearning,0.616,11384.543,92.327,10271,-0.068
SingleSwingLearning,0.648,11478.708,84.543,10272,-0.067
SingleSwingLearning,0.643,11577.378,89.156,10241,-0.067
SingleSwingLearning,0.619,11675.751,88.936,10277,-0.066
SingleSwingLearning,0.662,11768.775,82.834,10250,-0.065
SingleSwingLearning,0.617,11864.252,85.329,10257,-0.064
SingleSwingLearning,0.620,11960.828,87.111,10249,-0.064
SingleSwingLearning,0.618,12056.493,87.309,10273,-0.063
SingleSwingLearning,0.605,12152.505,87.863,10241,-0.063
SingleSwingLearning,0.618,12257.355,96.733,10267,-0.062
SingleSwingLearning,0.613,12365.586,98.470,10265,-0.061
SingleSwingLearning,0.634,12472.489,97.764,10274,-0.061
SingleSwingLearning,0.621,12576.353,94.900,10244,-0.060
SingleSwingLearning,0.647,12671.962,86.291,10243,-0.059
SingleSwingLearning,0.644,12767.261,86.334,10253,-0.059
SingleSwingLearning,0.624,12862.340,86.163,10255,-0.058
SingleSwingLearning,0.609,12962.834,91.740,10253,-0.057
SingleSwingLearning,0.647,13060.427,89.069,10254,-0.056
SingleSwingLearning,0.641,13161.447,91.929,10244,-0.055
SingleSwingLearning,0.614,13259.774,89.327,10265,-0.055
SingleSwingLearning,0.627,13358.372,89.819,10275,-0.054
SingleSwingLearning,0.623,13457.996,90.392,10249,-0.054
SingleSwingLearning,0.616,13559.753,91.420,10265,-0.053
SingleSwingLearning,0.659,13657.093,88.074,10262,-0.052
SingleSwingLearning,0.641,13751.021,84.005,10254,-0.052
SingleSwingLearning,0.603,13853.813,91.085,10282,-0.051
SingleSwingLearning,0.644,13956.722,91.304,10241,-0.051
SingleSwingLearning,0.633,14051.824,84.298,10267,-0.050
SingleSwingLearning,0.617,14149.129,87.373,10246,-0.050
SingleSwingLearning,0.652,14241.644,82.682,10260,-0.049
SingleSwingLearning,0.602,14337.390,86.123,10260,-0.049
SingleSwingLearning,0.618,14439.564,91.563,10282,-0.048
SingleSwingLearning,0.635,14535.232,86.476,10248,-0.047
SingleSwingLearning,0.621,14641.113,95.548,10260,-0.047
SingleSwingLearning,0.665,14740.370,88.776,10263,-0.046
SingleSwingLearning,0.618,14838.333,88.351,10261,-0.046
SingleSwingLearning,0.614,14929.585,82.427,10254,-0.046
SingleSwingLearning,0.613,15022.559,83.099,10289,-0.045
SingleSwingLearning,0.617,15117.844,85.320,10244,-0.045
SingleSwingLearning,0.649,15217.661,90.008,10258,-0.044
SingleSwingLearning,0.635,15317.394,88.862,10242,-0.043
SingleSwingLearning,0.621,15419.385,90.983,10243,-0.043
SingleSwingLearning,0.626,15519.734,90.391,10265,-0.043
SingleSwingLearning,0.623,15619.650,89.551,10261,-0.042
SingleSwingLearning,0.646,15721.416,90.151,10263,-0.042
SingleSwingLearning,0.662,15811.518,79.387,10242,-0.041
SingleSwingLearning,0.647,15898.251,76.585,10262,-0.041
SingleSwingLearning,0.628,15985.674,77.661,10271,-0.040
SingleSwingLearning,0.616,16081.447,86.806,10292,-0.040
SingleSwingLearning,0.614,16175.525,85.366,10244,-0.039
SingleSwingLearning,0.639,16258.834,74.200,10247,-0.039
SingleSwingLearning,0.595,16346.048,78.309,10256,-0.038
SingleSwingLearning,0.600,16432.615,77.115,10285,-0.038
SingleSwingLearning,0.610,16516.053,74.769,10248,-0.037
SingleSwingLearning,0.632,16599.474,74.548,10246,-0.037
SingleSwingLearning,0.619,16685.286,76.781,10251,-0.036
SingleSwingLearning,0.677,16779.603,84.980,10265,-0.036
SingleSwingLearning,0.616,16872.987,83.934,10252,-0.035
SingleSwingLearning,0.618,16964.374,81.949,10256,-0.035
SingleSwingLearning,0.651,17059.047,85.291,10252,-0.034
SingleSwingLearning,0.642,17148.961,80.544,10278,-0.034
SingleSwingLearning,0.624,17239.294,81.136,10292,-0.033
SingleSwingLearning,0.636,17331.552,82.803,10256,-0.033
SingleSwingLearning,0.643,17417.429,76.634,10249,-0.033
SingleSwingLearning,0.633,17504.104,76.796,10255,-0.032
SingleSwingLearning,0.605,17590.561,75.996,10256,-0.032
SingleSwingLearning,0.651,17675.048,74.395,10254,-0.031
SingleSwingLearning,0.648,17762.165,77.015,10263,-0.031
SingleSwingLearning,0.580,17847.820,75.518,10241,-0.031
SingleSwingLearning,0.609,17929.264,71.536,10261,-0.030
SingleSwingLearning,0.639,18019.574,79.318,10259,-0.030
SingleSwingLearning,0.632,18109.170,78.445,10274,-0.029
SingleSwingLearning,0.629,18195.407,75.771,10293,-0.029
SingleSwingLearning,0.650,18277.113,71.811,10276,-0.029
SingleSwingLearning,0.643,18368.515,82.055,10268,-0.028
SingleSwingLearning,0.611,18455.042,77.504,10243,-0.028
SingleSwingLearning,0.617,18538.104,73.828,10250,-0.028
SingleSwingLearning,0.623,18628.343,81.068,10268,-0.027
SingleSwingLearning,0.620,18715.368,78.497,10244,-0.027
SingleSwingLearning,0.633,18797.466,74.025,10287,-0.026
SingleSwingLearning,0.619,18882.634,76.487,10283,-0.026
SingleSwingLearning,0.623,18969.412,77.402,10259,-0.025
SingleSwingLearning,0.617,19055.081,76.566,10274,-0.025
SingleSwingLearning,0.605,19136.341,72.206,10241,-0.025
SingleSwingLearning,0.633,19216.661,71.689,10254,-0.024
SingleSwingLearning,0.622,19300.376,75.112,10241,-0.024
SingleSwingLearning,0.613,19382.784,73.809,10246,-0.024
SingleSwingLearning,0.619,19465.015,73.591,10280,-0.023
SingleSwingLearning,0.626,19547.607,73.679,10272,-0.023
SingleSwingLearning,0.622,19627.983,71.316,10277,-0.022
SingleSwingLearning,0.625,19710.110,73.053,10244,-0.022
SingleSwingLearning,0.614,19791.914,72.685,10264,-0.022
SingleSwingLearning,0.658,19876.220,75.179,10247,-0.021
SingleSwingLearning,0.597,19957.179,71.821,10294,-0.021
SingleSwingLearning,0.626,20042.917,76.253,10259,-0.021
SingleSwingLearning,0.621,20136.221,83.845,10272,-0.020
SingleSwingLearning,0.605,20221.829,76.836,10294,-0.020
SingleSwingLearning,0.618,20302.622,72.366,10244,-0.020
SingleSwingLearning,0.585,20380.144,69.101,10259,-0.019
SingleSwingLearning,0.603,20457.924,69.088,10263,-0.019
SingleSwingLearning,0.626,20535.770,68.635,10248,-0.019
SingleSwingLearning,0.629,20613.835,68.841,10298,-0.018
SingleSwingLearning,0.614,20687.470,65.133,10279,-0.018
SingleSwingLearning,0.613,20762.009,65.331,10246,-0.018
SingleSwingLearning,0.625,20840.718,69.559,10244,-0.017
SingleSwingLearning,0.647,20929.974,79.372,10251,-0.017
SingleSwingLearning,0.620,21016.610,76.918,10288,-0.017
SingleSwingLearning,0.618,21103.385,77.448,10241,-0.016
SingleSwingLearning,0.672,21187.066,74.833,10260,-0.016
SingleSwingLearning,0.624,21271.193,75.024,10302,-0.016
SingleSwingLearning,0.619,21359.924,78.285,10296,-0.015
SingleSwingLearning,0.634,21447.527,77.617,10243,-0.015
SingleSwingLearning,0.637,21536.338,78.871,10302,-0.015
SingleSwingLearning,0.610,21621.709,75.475,10258,-0.014
SingleSwingLearning,0.611,21706.623,75.015,10257,-0.014
SingleSwingLearning,0.655,21792.281,75.679,10249,-0.014
SingleSwingLearning,0.619,21876.917,75.205,10243,-0.013
SingleSwingLearning,0.623,21956.925,71.310,10252,-0.013
SingleSwingLearning,0.619,22033.189,67.934,10248,-0.013
SingleSwingLearning,0.671,22109.465,67.761,10254,-0.013
SingleSwingLearning,0.622,22185.661,67.697,10267,-0.012
SingleSwingLearning,0.653,22261.781,67.493,10247,-0.012
SingleSwingLearning,0.605,22346.668,75.961,10266,-0.012
SingleSwingLearning,0.638,22433.315,77.391,10248,-0.011
SingleSwingLearning,0.634,22520.370,76.815,10250,-0.011
SingleSwingLearning,0.612,22603.866,73.673,10246,-0.011
SingleSwingLearning,0.658,22685.987,72.330,10290,-0.011
SingleSwingLearning,0.653,22769.846,73.883,10284,-0.010
SingleSwingLearning,0.606,22852.130,72.751,10241,-0.010
SingleSwingLearning,0.611,22938.740,76.482,10256,-0.010
SingleSwingLearning,0.648,23025.026,75.989,10279,-0.009
SingleSwingLearning,0.636,23111.172,75.373,10252,-0.009
SingleSwingLearning,0.607,23200.725,78.652,10259,-0.009
SingleSwingLearning,0.619,23282.337,71.237,10244,-0.008
SingleSwingLearning,0.626,23363.974,70.826,10254,-0.008
SingleSwingLearning,0.652,23450.425,75.955,10300,-0.008
SingleSwingLearning,0.640,23540.064,79.446,10263,-0.008
SingleSwingLearning,0.617,23623.969,74.149,10249,-0.007
SingleSwingLearning,0.624,23709.695,75.507,10284,-0.007
SingleSwingLearning,0.648,23789.558,70.451,10292,-0.007
SingleSwingLearning,0.646,23865.979,67.140,10244,-0.006
SingleSwingLearning,0.632,23940.036,65.314,10269,-0.006
SingleSwingLearning,0.643,24020.025,69.794,10254,-0.006
SingleSwingLearning,0.603,24097.806,67.561,10275,-0.005
SingleSwingLearning,0.631,24182.199,73.831,10245,-0.005
SingleSwingLearning,0.606,24271.243,78.886,10243,-0.005
SingleSwingLearning,0.738,24358.164,76.318,10298,-0.004
SingleSwingLearning,0.649,24442.310,73.660,10245,-0.004
SingleSwingLearning,0.644,24528.827,76.039,10282,-0.004
SingleSwingLearning,0.629,24610.850,71.379,10265,-0.003
SingleSwingLearning,0.632,24696.753,75.010,10253,-0.003
SingleSwingLearning,0.624,24780.477,72.697,10282,-0.003
SingleSwingLearning,0.635,24864.304,73.448,10267,-0.003
SingleSwingLearning,0.644,24944.348,69.586,10270,-0.002
SingleSwingLearning,0.656,25028.307,73.359,10255,-0.002
SingleSwingLearning,0.629,25110.848,72.330,10241,-0.002
SingleSwingLearning,0.645,25190.362,69.877,10259,-0.001
SingleSwingLearning,0.648,25270.550,69.867,10252,-0.001
SingleSwingLearning,0.630,25351.646,70.594,10248,-0.001
SingleSwingLearning,0.633,25434.737,72.988,10268,-0.000
SingleSwingLearning,0.639,25515.154,71.177,10260,0.000
SingleSwingLearning,0.620,25595.072,70.675,10298,0.000
SingleSwingLearning,0.635,25673.702,68.984,10303,0.000
SingleSwingLearning,0.659,25760.744,76.743,10268,0.001
SingleSwingLearning,0.646,25846.909,75.495,10256,0.001
SingleSwingLearning,0.625,25934.731,77.472,10300,0.001
SingleSwingLearning,0.626,26021.802,76.523,10279,0.002
SingleSwingLearning,0.652,26106.771,74.433,10262,0.002
SingleSwingLearning,0.643,26192.154,74.743,10260,0.002
SingleSwingLearning,0.620,26282.081,79.274,10256,0.003
SingleSwingLearning,0.619,26369.522,77.285,10278,0.003
SingleSwingLearning,0.619,26455.003,75.285,10255,0.003
SingleSwingLearning,0.640,26540.486,75.186,10252,0.003
SingleSwingLearning,0.641,26626.432,75.447,10241,0.004
SingleSwingLearning,0.649,26713.490,76.526,10268,0.004
SingleSwingLearning,0.642,26796.288,73.262,10247,0.004
SingleSwingLearning,0.608,26880.733,73.988,10247,0.004
SingleSwingLearning,0.634,26966.714,75.770,10294,0.005
SingleSwingLearning,0.621,27051.507,73.961,10243,0.005
SingleSwingLearning,0.642,27141.275,79.300,10299,0.005
SingleSwingLearning,0.627,27229.160,77.049,10251,0.005
SingleSwingLearning,0.653,27314.977,74.763,10241,0.006
SingleSwingLearning,0.645,27396.322,71.131,10253,0.006
SingleSwingLearning,0.602,27475.548,68.712,10266,0.006
SingleSwingLearning,0.620,27553.179,67.200,10266,0.006
SingleSwingLearning,0.633,27629.907,66.645,10254,0.006
SingleSwingLearning,0.594,27715.191,75.365,10261,0.007
SingleSwingLearning,0.663,27804.392,78.320,10244,0.007
SingleSwingLearning,0.628,27892.627,77.267,10295,0.007
SingleSwingLearning,0.653,27981.219,77.950,10242,0.007
SingleSwingLearning,0.640,28066.581,74.813,10269,0.008
SingleSwingLearning,0.622,28153.307,75.755,10245,0.008
SingleSwingLearning,0.723,28243.816,79.801,10255,0.008
SingleSwingLearning,0.651,28331.891,77.387,10253,0.008
SingleSwingLearning,0.620,28418.354,75.988,10286,0.009
SingleSwingLearning,0.651,28508.157,78.836,10266,0.009
SingleSwingLearning,0.641,28596.785,78.012,10242,0.009
SingleSwingLearning,0.620,28681.230,73.729,10265,0.009
SingleSwingLearning,0.681,28764.474,73.092,10263,0.010
SingleSwingLearning,0.594,28847.492,72.737,10241,0.010
SingleSwingLearning,0.640,28927.712,69.655,10271,0.010
SingleSwingLearning,0.617,29008.926,70.801,10273,0.011
SingleSwingLearning,0.626,29098.750,79.848,10259,0.011
SingleSwingLearning,0.643,29189.413,80.372,10272,0.011
SingleSwingLearning,0.628,29277.122,77.769,10294,0.011
SingleSwingLearning,0.623,29359.638,72.321,10282,0.012
SingleSwingLearning,0.656,29446.342,76.138,10297,0.012
SingleSwingLearning,0.647,29527.606,70.766,10274,0.012
SingleSwingLearning,0.601,29610.033,71.838,10245,0.012
SingleSwingLearning,0.606,29693.768,73.075,10265,0.013
SingleSwingLearning,0.653,29780.740,76.495,10287,0.013
SingleSwingLearning,0.618,29863.822,72.606,10260,0.013
SingleSwingLearning,0.619,29942.255,67.917,10268,0.013
SingleSwingLearning,0.641,30022.043,69.050,10251,0.014
SingleSwingLearning,0.644,30104.843,71.456,10272,0.014
SingleSwingLearning,0.649,30186.287,70.170,10251,0.014
SingleSwingLearning,0.629,30265.988,68.438,10243,0.015
SingleSwingLearning,0.646,30347.243,69.956,10244,0.015
SingleSwingLearning,0.625,30428.568,70.000,10246,0.015
SingleSwingLearning,0.655,30510.359,70.648,10298,0.015
SingleSwingLearning,0.604,30593.041,71.505,10273,0.016
SingleSwingLearning,0.635,30678.091,74.020,10261,0.016
SingleSwingLearning,0.643,30768.520,79.587,10241,0.016
SingleSwingLearning,0.616,30859.267,79.818,10268,0.016
SingleSwingLearning,0.634,30948.230,78.062,10297,0.017
SingleSwingLearning,0.632,31032.575,73.740,10244,0.017
SingleSwingLearning,0.616,31119.717,76.517,10251,0.017
SingleSwingLearning,0.624,31202.413,72.258,10249,0.017
SingleSwingLearning,0.639,31284.063,71.464,10246,0.017
SingleSwingLearning,0.644,31368.232,73.891,10282,0.018
SingleSwingLearning,0.646,31450.558,71.496,10278,0.018
SingleSwingLearning,0.644,31535.632,75.610,10257,0.018
SingleSwingLearning,0.635,31617.626,72.579,10251,0.018
SingleSwingLearning,0.633,31696.197,69.110,10286,0.019
SingleSwingLearning,0.626,31787.886,81.816,10248,0.019
SingleSwingLearning,0.598,31878.506,80.740,10268,0.019
SingleSwingLearning,0.701,31967.709,79.436,10273,0.019
SingleSwingLearning,0.651,32055.751,77.709,10285,0.020
SingleSwingLearning,0.615,32148.325,81.795,10266,0.020
SingleSwingLearning,0.643,32237.098,78.095,10269,0.020
SingleSwingLearning,0.612,32325.099,78.319,10252,0.020
SingleSwingLearning,0.623,32411.678,77.113,10248,0.021
SingleSwingLearning,0.626,32502.578,80.308,10291,0.021
SingleSwingLearning,0.619,32590.463,77.427,10253,0.021
SingleSwingLearning,0.620,32672.980,72.848,10276,0.021
SingleSwingLearning,0.605,32753.926,71.127,10305,0.022
SingleSwingLearning,0.607,32842.544,79.244,10282,0.022
SingleSwingLearning,0.618,32930.400,77.881,10246,0.022
SingleSwingLearning,0.614,33021.915,80.678,10264,0.023
SingleSwingLearning,0.652,33106.248,74.799,10291,0.023
SingleSwingLearning,0.622,33191.756,75.926,10247,0.023
SingleSwingLearning,0.623,33277.419,75.655,10245,0.023
SingleSwingLearning,0.616,33370.771,83.189,10253,0.024
SingleSwingLearning,0.670,33460.876,79.265,10275,0.024
SingleSwingLearning,0.616,33552.457,81.122,10242,0.024
SingleSwingLearning,0.618,33635.805,73.710,10257,0.024
SingleSwingLearning,0.610,33715.317,70.077,10249,0.025
SingleSwingLearning,0.627,33805.785,80.629,10280,0.025
SingleSwingLearning,0.625,33899.229,82.685,10249,0.025
SingleSwingLearning,0.659,33986.893,77.537,10288,0.025
SingleSwingLearning,0.607,34068.321,71.882,10249,0.026
SingleSwingLearning,0.617,34149.708,71.406,10288,0.026
SingleSwingLearning,0.600,34228.594,69.542,10252,0.026
SingleSwingLearning,0.629,34308.983,70.967,10296,0.026
SingleSwingLearning,0.615,34390.520,71.327,10271,0.027
SingleSwingLearning,0.649,34485.852,82.689,10284,0.027
SingleSwingLearning,0.658,34579.108,82.458,10248,0.027
SingleSwingLearning,0.617,34669.590,79.580,10250,0.027
SingleSwingLearning,0.661,34756.479,76.508,10250,0.027
SingleSwingLearning,0.622,34843.926,77.608,10246,0.028
SingleSwingLearning,0.610,34929.215,74.775,10263,0.028
SingleSwingLearning,0.640,35015.153,75.655,10270,0.028
SingleSwingLearning,0.616,35104.541,79.200,10254,0.028
SingleSwingLearning,0.643,35196.591,81.167,10281,0.028
SingleSwingLearning,0.609,35286.036,79.218,10248,0.029
SingleSwingLearning,0.608,35370.455,74.457,10254,0.029
SingleSwingLearning,0.655,35457.735,77.344,10256,0.029
SingleSwingLearning,0.657,35543.478,74.986,10242,0.029
SingleSwingLearning,0.652,35626.131,72.880,10269,0.029
SingleSwingLearning,0.643,35708.818,73.388,10261,0.030
SingleSwingLearning,0.640,35789.731,71.608,10286,0.030
SingleSwingLearning,0.654,35873.440,73.347,10297,0.030
SingleSwingLearning,0.618,35961.989,78.564,10244,0.030
SingleSwingLearning,0.612,36053.536,80.934,10248,0.031
SingleSwingLearning,0.613,36139.152,75.091,10266,0.031
SingleSwingLearning,0.617,36221.813,72.152,10243,0.031
SingleSwingLearning,0.646,36306.756,74.422,10295,0.031
SingleSwingLearning,0.631,36397.841,80.956,10241,0.032
SingleSwingLearning,0.623,36487.778,79.717,10246,0.032
SingleSwingLearning,0.623,36572.319,74.097,10282,0.032
SingleSwingLearning,0.607,36660.560,78.060,10287,0.032
SingleSwingLearning,0.635,36746.195,75.097,10248,0.032
SingleSwingLearning,0.631,36833.365,76.702,10258,0.032
SingleSwingLearning,0.623,36923.497,79.974,10241,0.033
SingleSwingLearning,0.623,37014.663,80.655,10241,0.033
SingleSwingLearning,0.625,37101.991,77.419,10281,0.033
SingleSwingLearning,0.636,37186.840,75.283,10282,0.033
SingleSwingLearning,0.628,37269.872,73.713,10252,0.034
SingleSwingLearning,0.649,37352.494,72.376,10268,0.034
SingleSwingLearning,0.636,37434.343,71.614,10298,0.034
SingleSwingLearning,0.638,37518.818,74.200,10246,0.034
SingleSwingLearning,0.637,37602.378,73.312,10242,0.034
SingleSwingLearning,0.643,37688.120,75.533,10255,0.035
SingleSwingLearning,0.648,37772.983,74.445,10301,0.035
SingleSwingLearning,0.657,37863.140,79.006,10273,0.035
SingleSwingLearning,0.651,37948.636,74.737,10304,0.035
SingleSwingLearning,0.658,38031.930,72.395,10278,0.035
SingleSwingLearning,0.649,38116.571,73.853,10241,0.036
SingleSwingLearning,0.641,38202.296,74.557,10294,0.036
SingleSwingLearning,0.641,38284.368,71.220,10276,0.036
SingleSwingLearning,0.620,38369.403,74.388,10244,0.036
SingleSwingLearning,0.653,38455.293,75.098,10259,0.037
SingleSwingLearning,0.638,38537.968,71.825,10264,0.037
SingleSwingLearning,0.626,38619.941,71.495,10252,0.037
SingleSwingLearning,0.655,38700.602,70.486,10250,0.037
SingleSwingLearning,0.634,38787.107,75.872,10245,0.037
SingleSwingLearning,0.668,38867.280,70.097,10251,0.038
SingleSwingLearning,0.629,38947.841,69.899,10270,0.038
SingleSwingLearning,0.645,39032.853,74.126,10257,0.038
SingleSwingLearning,0.627,39117.258,73.648,10253,0.038
SingleSwingLearning,0.632,39199.653,71.617,10273,0.038
SingleSwingLearning,0.631,39286.785,76.677,10257,0.039
SingleSwingLearning,0.617,39380.545,82.671,10242,0.039
SingleSwingLearning,0.629,39466.812,76.129,10281,0.039
SingleSwingLearning,0.634,39555.128,77.916,10249,0.039
SingleSwingLearning,0.620,39639.644,74.417,10266,0.039
SingleSwingLearning,0.627,39726.486,77.164,10261,0.040
SingleSwingLearning,0.653,39808.196,71.748,10253,0.040
SingleSwingLearning,0.650,39889.419,70.927,10274,0.040
SingleSwingLearning,0.645,39970.705,70.721,10267,0.040
SingleSwingLearning,0.643,40052.061,70.946,10262,0.040
SingleSwingLearning,0.645,40140.592,77.613,10241,0.041
SingleSwingLearning,0.627,40228.751,77.863,10256,0.041
SingleSwingLearning,0.649,40319.351,79.973,10268,0.041
SingleSwingLearning,0.629,40406.413,76.496,10244,0.041
SingleSwingLearning,0.647,40494.904,78.153,10299,0.041
SingleSwingLearning,0.607,40584.375,79.379,10287,0.042
SingleSwingLearning,0.604,40674.500,80.203,10241,0.042
SingleSwingLearning,0.617,40763.256,78.831,10261,0.042
SingleSwingLearning,0.628,40847.837,74.464,10305,0.042
SingleSwingLearning,0.642,40931.570,73.768,10274,0.042
SingleSwingLearning,0.652,41014.312,71.856,10247,0.043
SingleSwingLearning,0.654,41096.165,71.365,10263,0.043
SingleSwingLearning,0.632,41176.382,70.304,10279,0.043
SingleSwingLearning,0.630,41256.732,70.349,10277,0.043
SingleSwingLearning,0.620,41335.277,68.369,10246,0.043
SingleSwingLearning,0.609,41413.508,68.155,10251,0.044
SingleSwingLearning,0.633,41495.721,71.471,10258,0.044
SingleSwingLearning,0.616,41584.262,78.477,10273,0.044
SingleSwingLearning,0.662,41666.770,73.615,10241,0.044
SingleSwingLearning,0.631,41749.692,74.042,10302,0.044
SingleSwingLearning,0.632,41834.722,75.569,10247,0.045
SingleSwingLearning,0.643,41923.479,78.937,10258,0.045
SingleSwingLearning,0.653,42012.217,79.539,10249,0.045
SingleSwingLearning,0.645,42105.440,82.254,10243,0.045
SingleSwingLearning,0.685,42197.115,80.467,10299,0.045
SingleSwingLearning,0.637,42281.963,75.226,10258,0.046
SingleSwingLearning,0.634,42369.994,77.303,10242,0.046
SingleSwingLearning,0.654,42461.468,80.697,10286,0.046
SingleSwingLearning,0.631,42555.725,83.341,10245,0.046
SingleSwingLearning,0.675,42648.072,81.287,10284,0.046
SingleSwingLearning,0.644,42736.168,77.086,10292,0.047
SingleSwingLearning,0.616,42827.858,80.686,10249,0.047
SingleSwingLearning,0.648,42917.740,78.918,10263,0.047
SingleSwingLearning,0.628,43005.516,76.441,10265,0.047
SingleSwingLearning,0.648,43097.269,80.681,10305,0.047
SingleSwingLearning,0.632,43189.117,80.935,10242,0.048
SingleSwingLearning,0.648,43282.984,82.538,10280,0.048
SingleSwingLearning,0.632,43376.501,82.350,10255,0.048
SingleSwingLearning,0.648,43468.500,80.375,10262,0.048
SingleSwingLearning,0.639,43557.599,77.882,10261,0.048
SingleSwingLearning,0.645,43648.553,79.824,10283,0.049
SingleSwingLearning,0.628,43734.818,76.430,10245,0.049
SingleSwingLearning,0.646,43818.984,73.851,10252,0.049
SingleSwingLearning,0.641,43909.054,79.696,10258,0.049
SingleSwingLearning,0.611,44000.034,80.258,10242,0.049
SingleSwingLearning,0.648,44089.257,78.472,10293,0.049
SingleSwingLearning,0.649,44178.933,79.178,10259,0.050
SingleSwingLearning,0.622,44263.836,74.802,10241,0.050
SingleSwingLearning,0.644,44348.792,75.251,10264,0.050
SingleSwingLearning,0.632,44437.184,77.546,10272,0.050
SingleSwingLearning,0.646,44526.951,78.778,10279,0.050
SingleSwingLearning,0.635,44620.881,83.149,10264,0.050
SingleSwingLearning,0.651,44712.893,81.198,10289,0.051
SingleSwingLearning,0.640,44803.867,80.376,10243,0.051
SingleSwingLearning,0.626,44892.746,77.965,10243,0.051
SingleSwingLearning,0.689,44978.550,75.422,10245,0.051
SingleSwingLearning,0.668,45065.453,76.160,10260,0.051
SingleSwingLearning,0.632,45156.761,81.211,10290,0.052
SingleSwingLearning,0.640,45246.245,79.385,10288,0.052
SingleSwingLearning,0.623,45338.595,81.522,10292,0.052
SingleSwingLearning,0.631,45431.540,82.038,10266,0.052
SingleSwingLearning,0.668,45522.700,79.895,10301,0.052
SingleSwingLearning,0.602,45616.533,83.222,10252,0.053
SingleSwingLearning,0.625,45708.696,81.290,10274,0.053
SingleSwingLearning,0.663,45800.420,80.932,10252,0.053
SingleSwingLearning,0.639,45891.657,80.656,10249,0.053
SingleSwingLearning,0.680,45981.517,78.405,10292,0.053
SingleSwingLearning,0.652,46076.401,83.282,10244,0.053
SingleSwingLearning,0.621,46167.817,79.731,10269,0.054
SingleSwingLearning,0.651,46258.256,78.822,10286,0.054
SingleSwingLearning,0.635,46345.282,75.417,10270,0.054
SingleSwingLearning,0.619,46432.983,76.050,10257,0.054
SingleSwingLearning,0.621,46516.468,72.003,10267,0.054
SingleSwingLearning,0.623,46604.306,76.681,10249,0.055
SingleSwingLearning,0.656,46698.259,82.936,10303,0.055
SingleSwingLearning,0.663,46786.629,77.143,10278,0.055
SingleSwingLearning,0.634,46872.503,74.702,10293,0.055
SingleSwingLearning,0.625,46953.321,70.158,10253,0.055
SingleSwingLearning,0.615,47032.824,69.224,10242,0.056
SingleSwingLearning,0.641,47112.906,69.629,10260,0.056
SingleSwingLearning,0.627,47199.418,75.324,10278,0.056
SingleSwingLearning,0.653,47283.729,73.244,10273,0.056
SingleSwingLearning,0.640,47368.204,73.151,10258,0.056
SingleSwingLearning,0.625,47456.589,77.800,10253,0.056
SingleSwingLearning,0.638,47549.255,82.517,10258,0.057
SingleSwingLearning,0.647,47636.699,77.056,10260,0.057
SingleSwingLearning,0.661,47724.239,76.943,10247,0.057
SingleSwingLearning,0.653,47809.292,74.666,10261,0.057
SingleSwingLearning,0.645,47894.468,74.934,10251,0.057
SingleSwingLearning,0.624,47980.736,75.670,10290,0.057
SingleSwingLearning,0.643,48068.890,77.758,10267,0.058
SingleSwingLearning,0.647,48155.472,75.865,10267,0.058
SingleSwingLearning,0.686,48240.133,73.967,10275,0.058
SingleSwingLearning,0.652,48320.630,69.989,10262,0.058
SingleSwingLearning,0.608,48403.490,72.349,10249,0.058
SingleSwingLearning,0.628,48482.170,69.496,10267,0.058
SingleSwingLearning,0.626,48559.181,67.455,10242,0.059
SingleSwingLearning,0.622,48652.413,82.661,10303,0.059
SingleSwingLearning,0.635,48743.650,81.239,10262,0.059
SingleSwingLearning,0.627,48838.983,84.319,10258,0.059
SingleSwingLearning,0.612,48927.222,77.004,10256,0.059
SingleSwingLearning,0.617,49016.063,77.661,10255,0.059
SingleSwingLearning,0.646,49101.575,74.677,10289,0.060
SingleSwingLearning,0.675,49184.366,71.917,10244,0.060
SingleSwingLearning,0.652,49268.342,72.757,10260,0.060
SingleSwingLearning,0.653,49353.794,74.280,10301,0.060
SingleSwingLearning,0.620,49440.705,76.848,10249,0.060
SingleSwingLearning,0.641,49527.186,77.102,10241,0.060
SingleSwingLearning,0.638,49615.954,78.307,10249,0.061
SingleSwingLearning,0.613,49703.395,77.285,10246,0.061
SingleSwingLearning,0.641,49791.972,78.572,10293,0.061
SingleSwingLearning,0.616,49877.331,75.464,10247,0.061
SingleSwingLearning,0.633,49960.100,74.066,10263,0.061
SingleSwingLearning,0.628,50045.145,75.912,10243,0.062
SingleSwingLearning,0.631,50132.342,77.760,10252,0.062
SingleSwingLearning,0.621,50217.029,75.141,10244,0.062
SingleSwingLearning,0.649,50298.677,72.063,10241,0.062
SingleSwingLearning,0.640,50380.847,71.915,10270,0.062
SingleSwingLearning,0.617,50465.534,74.716,10265,0.062
SingleSwingLearning,0.623,50545.679,71.152,10265,0.063
SingleSwingLearning,0.641,50624.184,69.651,10243,0.063
SingleSwingLearning,0.620,50708.577,74.246,10242,0.063
SingleSwingLearning,0.666,50792.053,73.265,10247,0.063
SingleSwingLearning,0.626,50878.598,76.053,10249,0.063
SingleSwingLearning,0.634,50975.657,86.100,10256,0.063
SingleSwingLearning,0.621,51067.336,81.189,10272,0.063
SingleSwingLearning,0.620,51154.149,76.661,10247,0.064
SingleSwingLearning,0.623,51242.898,78.064,10270,0.064
SingleSwingLearning,0.632,51328.514,74.605,10253,0.064
SingleSwingLearning,0.640,51413.489,73.898,10246,0.064
SingleSwingLearning,0.627,51500.256,76.605,10252,0.064
SingleSwingLearning,0.610,51589.846,79.447,10275,0.064
SingleSwingLearning,0.610,51678.130,77.987,10244,0.065
SingleSwingLearning,0.625,51766.088,77.435,10265,0.065
SingleSwingLearning,0.654,51853.010,76.337,10277,0.065
SingleSwingLearning,0.628,51941.780,78.183,10249,0.065
SingleSwingLearning,0.638,52030.623,78.368,10243,0.065
SingleSwingLearning,0.613,52118.804,76.959,10267,0.065
SingleSwingLearning,0.654,52212.325,83.175,10242,0.066
SingleSwingLearning,0.633,52303.820,80.907,10256,0.066
SingleSwingLearning,0.658,52393.571,78.610,10250,0.066
SingleSwingLearning,0.643,52482.040,77.072,10263,0.066
SingleSwingLearning,0.625,52568.677,75.748,10279,0.066
SingleSwingLearning,0.636,52656.002,76.085,10261,0.066
SingleSwingLearning,0.648,52738.878,72.749,10279,0.067
SingleSwingLearning,0.629,52818.760,70.574,10270,0.067
SingleSwingLearning,0.623,52895.638,67.922,10244,0.067
SingleSwingLearning,0.627,52972.652,68.079,10246,0.067
SingleSwingLearning,0.645,53054.760,71.535,10246,0.067
SingleSwingLearning,0.679,53139.648,73.607,10243,0.067
SingleSwingLearning,0.656,53221.366,70.377,10289,0.067
SingleSwingLearning,0.645,53303.987,71.755,10294,0.068
SingleSwingLearning,0.634,53383.454,69.431,10256,0.068
SingleSwingLearning,0.634,53459.494,66.419,10279,0.068
SingleSwingLearning,0.617,53541.865,72.336,10292,0.068
SingleSwingLearning,0.603,53628.931,77.100,10257,0.068
SingleSwingLearning,0.623,53718.278,79.314,10293,0.068
SingleSwingLearning,0.608,53800.251,72.970,10248,0.068
SingleSwingLearning,0.615,53888.862,77.984,10282,0.069
SingleSwingLearning,0.636,53981.311,81.117,10256,0.069
SingleSwingLearning,0.651,54076.411,83.905,10245,0.069
SingleSwingLearning,0.628,54165.541,78.325,10270,0.069
SingleSwingLearning,0.639,54250.294,73.874,10260,0.069
SingleSwingLearning,0.616,54335.216,74.022,10243,0.069
SingleSwingLearning,0.626,54419.301,72.852,10245,0.070
SingleSwingLearning,0.658,54503.015,72.983,10249,0.070
SingleSwingLearning,0.626,54587.847,75.690,10275,0.070
SingleSwingLearning,0.626,54673.159,76.440,10298,0.070
SingleSwingLearning,0.613,54747.639,65.838,10242,0.070
SingleSwingLearning,0.633,54818.910,60.877,10268,0.070
SingleSwingLearning,0.648,54889.871,60.573,10246,0.070
SingleSwingLearning,0.651,54965.292,64.289,10251,0.070
SingleSwingLearning,0.652,55040.593,64.076,10290,0.069
SingleSwingLearning,0.626,55115.627,63.855,10280,0.069
SingleSwingLearning,0.650,55190.328,63.395,10268,0.069
SingleSwingLearning,0.622,55264.778,63.117,10252,0.069
SingleSwingLearning,0.651,55337.582,61.568,10264,0.069
SingleSwingLearning,0.613,55410.709,61.992,10255,0.068
SingleSwingLearning,0.645,55482.306,61.039,10247,0.068
SingleSwingLearning,0.629,55550.960,57.766,10252,0.068
SingleSwingLearning,0.674,55621.052,59.705,10260,0.068
SingleSwingLearning,0.642,55695.313,62.571,10250,0.068
SingleSwingLearning,0.657,55768.403,61.570,10245,0.068
SingleSwingLearning,0.627,55841.732,61.898,10258,0.068
SingleSwingLearning,0.620,55914.872,62.201,10253,0.067
SingleSwingLearning,0.621,55980.943,55.483,10289,0.067
SingleSwingLearning,0.634,56050.727,58.516,10267,0.067
SingleSwingLearning,0.639,56125.633,63.606,10254,0.067
SingleSwingLearning,0.637,56187.549,52.331,10244,0.067
SingleSwingLearning,0.608,56256.413,58.127,10264,0.067
SingleSwingLearning,0.615,56315.598,50.089,10290,0.067
SingleSwingLearning,0.634,56384.024,57.975,10285,0.067
SingleSwingLearning,0.630,56457.202,62.687,10268,0.067
SingleSwingLearning,0.625,56519.109,52.409,10249,0.067
SingleSwingLearning,0.620,56581.557,52.902,10258,0.066
SingleSwingLearning,0.642,56643.028,52.223,10249,0.066
SingleSwingLearning,0.613,56698.712,47.240,10278,0.066
SingleSwingLearning,0.635,56759.663,51.220,10250,0.066
SingleSwingLearning,0.641,56825.655,55.371,10257,0.066
SingleSwingLearning,0.633,56889.958,53.909,10264,0.066
SingleSwingLearning,0.648,56950.707,51.098,10243,0.066
SingleSwingLearning,0.657,57015.790,54.458,10281,0.066
SingleSwingLearning,0.655,57075.994,50.757,10273,0.066
SingleSwingLearning,0.637,57128.849,45.106,10270,0.066
SingleSwingLearning,0.659,57186.394,49.318,10274,0.066
SingleSwingLearning,0.641,57243.171,48.478,10287,0.066
SingleSwingLearning,0.654,57301.034,49.355,10270,0.066
SingleSwingLearning,0.646,57368.907,57.271,10255,0.066
SingleSwingLearning,0.632,57431.536,53.287,10263,0.066
SingleSwingLearning,0.645,57498.203,56.039,10280,0.066
SingleSwingLearning,0.648,57550.830,45.009,10270,0.066
SingleSwingLearning,0.637,57611.576,51.435,10291,0.066
SingleSwingLearning,0.636,57665.489,46.109,10270,0.066
SingleSwingLearning,0.629,57719.993,46.744,10270,0.066
SingleSwingLearning,0.642,57776.946,48.666,10270,0.066
SingleSwingLearning,0.651,57835.057,49.544,10270,0.066
SingleSwingLearning,0.613,57883.724,41.973,10270,0.066
SingleSwingLearning,0.625,57933.412,42.730,10270,0.066
SingleSwingLearning,0.623,57990.797,48.985,10279,0.066
SingleSwingLearning,0.615,58049.122,49.822,10281,0.066
SingleSwingLearning,0.629,58108.189,49.994,10275,0.065
SingleSwingLearning,0.609,58165.943,49.033,10287,0.065
SingleSwingLearning,0.648,58215.911,42.885,10270,0.065
SingleSwingLearning,0.632,58267.153,44.039,10270,0.065
SingleSwingLearning,0.631,58328.700,52.115,10293,0.065
SingleSwingLearning,0.644,58386.182,48.525,10255,0.065
SingleSwingLearning,0.641,58441.099,46.964,10270,0.065
SingleSwingLearning,0.653,58498.734,48.964,10270,0.065
SingleSwingLearning,0.626,58557.664,50.014,10296,0.065
SingleSwingLearning,0.644,58610.453,45.178,10270,0.065
SingleSwingLearning,0.632,58664.412,46.168,10270,0.065
SingleSwingLearning,0.616,58718.012,45.997,10270,0.065
SingleSwingLearning,0.639,58770.821,45.134,10270,0.065
SingleSwingLearning,0.628,58823.738,45.332,10270,0.065
SingleSwingLearning,0.643,58880.789,48.612,10278,0.065
SingleSwingLearning,0.614,58934.563,45.981,10270,0.065
SingleSwingLearning,0.628,58990.300,47.405,10270,0.065
SingleSwingLearning,0.639,59045.324,46.950,10270,0.065
SingleSwingLearning,0.645,59099.880,46.687,10270,0.065
SingleSwingLearning,0.626,59151.211,44.185,10270,0.065
SingleSwingLearning,0.639,59197.795,40.253,10270,0.065
SingleSwingLearning,0.654,59246.463,41.795,10270,0.065
SingleSwingLearning,0.629,59294.313,41.063,10270,0.065
SingleSwingLearning,0.649,59343.675,42.265,10270,0.065
SingleSwingLearning,0.658,59397.275,45.663,10270,0.065
SingleSwingLearning,0.649,59449.784,44.705,10270,0.065
SingleSwingLearning,0.626,59502.703,44.913,10270,0.065
SingleSwingLearning,0.616,59556.038,45.466,10270,0.065
SingleSwingLearning,0.624,59611.966,47.369,10301,0.065
SingleSwingLearning,0.633,59666.691,46.072,10245,0.065
SingleSwingLearning,0.655,59725.337,49.228,10277,0.065
SingleSwingLearning,0.625,59783.281,48.463,10267,0.065
SingleSwingLearning,0.640,59835.853,44.740,10270,0.065
SingleSwingLearning,0.633,59886.844,43.470,10270,0.065
SingleSwingLearning,0.616,59938.997,44.428,10270,0.065
SingleSwingLearning,0.641,59990.085,43.492,10270,0.065
SingleSwingLearning,0.647,60041.616,43.718,10270,0.065
SingleSwingLearning,0.610,60088.979,40.533,10270,0.065
SingleSwingLearning,0.626,60129.898,35.234,10270,0.065
SingleSwingLearning,0.628,60171.187,35.556,10270,0.065
SingleSwingLearning,0.610,60212.063,35.186,10270,0.065
SingleSwingLearning,0.623,60253.453,35.396,10270,0.065
SingleSwingLearning,0.622,60294.435,35.240,10270,0.065
SingleSwingLearning,0.640,60335.508,35.363,10270,0.065
SingleSwingLearning,0.621,60377.056,35.792,10270,0.065
SingleSwingLearning,0.619,60417.556,34.993,10270,0.065
SingleSwingLearning,0.622,60462.516,38.275,10279,0.065
SingleSwingLearning,0.635,60503.104,34.911,10270,0.065
SingleSwingLearning,0.615,60546.030,36.789,10279,0.065
SingleSwingLearning,0.626,60591.423,38.997,10276,0.065
SingleSwingLearning,0.687,60637.659,39.485,10253,0.065
SingleSwingLearning,0.614,60681.194,37.606,10245,0.065
SingleSwingLearning,0.623,60723.930,36.996,10270,0.065
SingleSwingLearning,0.622,60765.456,35.949,10270,0.065
SingleSwingLearning,0.624,60806.588,35.586,10270,0.065
SingleSwingLearning,0.625,60848.208,35.813,10270,0.065
SingleSwingLearning,0.658,60889.415,35.573,10270,0.065
SingleSwingLearning,0.620,60930.675,35.616,10270,0.065
SingleSwingLearning,0.613,60972.315,35.861,10270,0.065
SingleSwingLearning,0.595,61014.947,37.035,10270,0.065
SingleSwingLearning,0.606,61060.110,39.397,10270,0.065
SingleSwingLearning,0.603,61104.644,38.974,10270,0.065
SingleSwingLearning,0.601,61149.010,38.816,10270,0.065
SingleSwingLearning,0.630,61194.329,39.554,10270,0.065
SingleSwingLearning,0.611,61241.778,41.306,10256,0.065
SingleSwingLearning,0.620,61284.066,36.565,10270,0.065
SingleSwingLearning,0.601,61326.632,36.879,10270,0.065
SingleSwingLearning,0.621,61368.516,36.268,10270,0.065
SingleSwingLearning,0.616,61413.551,39.175,10258,0.065
SingleSwingLearning,0.615,61456.991,37.780,10270,0.065
SingleSwingLearning,0.614,61500.895,37.972,10270,0.065
SingleSwingLearning,0.622,61544.235,37.654,10270,0.065
SingleSwingLearning,0.615,61586.473,36.536,10270,0.065
SingleSwingLearning,0.607,61628.580,36.402,10270,0.065
SingleSwingLearning,0.617,61670.698,36.405,10270,0.065
SingleSwingLearning,0.622,61713.462,36.711,10270,0.065
SingleSwingLearning,0.628,61755.305,36.127,10270,0.065
SingleSwingLearning,0.610,61797.228,36.179,10270,0.065
SingleSwingLearning,0.618,61839.702,36.711,10270,0.065
SingleSwingLearning,0.614,61882.917,37.586,10270,0.065
SingleSwingLearning,0.621,61926.013,37.389,10270,0.065
SingleSwingLearning,0.615,61968.277,36.834,10270,0.065
SingleSwingLearning,0.619,62012.866,38.763,10267,0.065
SingleSwingLearning,0.619,62056.371,37.723,10270,0.065
SingleSwingLearning,0.624,62100.779,38.565,10270,0.065
SingleSwingLearning,0.634,62152.907,44.266,10298,0.065
SingleSwingLearning,0.623,62199.546,40.315,10262,0.065
SingleSwingLearning,0.623,62247.564,41.177,10292,0.065
SingleSwingLearning,0.615,62293.012,39.362,10270,0.065
SingleSwingLearning,0.621,62338.114,38.900,10270,0.065
SingleSwingLearning,0.623,62382.864,38.744,10270,0.065
SingleSwingLearning,0.626,62427.569,38.779,10270,0.065
SingleSwingLearning,0.627,62472.755,39.247,10270,0.065
SingleSwingLearning,0.620,62518.881,40.000,10270,0.065
SingleSwingLearning,0.624,62565.543,40.244,10270,0.065
SingleSwingLearning,0.630,62610.794,39.295,10270,0.065
SingleSwingLearning,0.622,62656.681,39.789,10270,0.065
SingleSwingLearning,0.625,62701.891,39.193,10270,0.065
SingleSwingLearning,0.641,62748.430,40.364,10270,0.065
SingleSwingLearning,0.625,62800.056,44.315,10267,0.065
SingleSwingLearning,0.624,62855.567,47.173,10263,0.065
SingleSwingLearning,0.619,62910.933,47.065,10256,0.065
SingleSwingLearning,0.622,62957.745,40.549,10252,0.065
SingleSwingLearning,0.614,63008.139,43.445,10270,0.065
SingleSwingLearning,0.639,63064.839,48.290,10270,0.065
SingleSwingLearning,0.647,63122.620,49.354,10270,0.065
SingleSwingLearning,0.641,63180.375,49.350,10270,0.065
SingleSwingLearning,0.640,63242.408,52.529,10271,0.065
SingleSwingLearning,0.634,63306.474,53.629,10242,0.065
SingleSwingLearning,0.617,63363.537,48.534,10253,0.065
SingleSwingLearning,0.636,63427.890,54.626,10268,0.065
SingleSwingLearning,0.626,63483.762,47.816,10270,0.065
SingleSwingLearning,0.621,63532.735,42.547,10263,0.065
SingleSwingLearning,0.650,63593.419,51.616,10290,0.065
SingleSwingLearning,0.635,63650.723,48.585,10290,0.065
SingleSwingLearning,0.637,63703.178,45.189,10270,0.065
SingleSwingLearning,0.656,63758.556,47.566,10270,0.065
SingleSwingLearning,0.632,63812.120,45.729,10270,0.065
SingleSwingLearning,0.644,63864.851,45.082,10270,0.065
SingleSwingLearning,0.645,63919.144,46.272,10270,0.065
SingleSwingLearning,0.650,63971.502,44.904,10270,0.065
SingleSwingLearning,0.655,64024.246,45.199,10274,0.064
SingleSwingLearning,0.621,64079.977,46.608,10296,0.064
SingleSwingLearning,0.630,64129.530,42.008,10250,0.064
SingleSwingLearning,0.632,64176.496,40.283,10270,0.064
SingleSwingLearning,0.621,64225.522,41.968,10270,0.064
SingleSwingLearning,0.633,64274.688,42.060,10270,0.064
SingleSwingLearning,0.622,64323.260,41.542,10270,0.064
SingleSwingLearning,0.646,64372.563,42.031,10270,0.064
SingleSwingLearning,0.623,64422.260,42.680,10248,0.064
SingleSwingLearning,0.648,64478.394,47.645,10250,0.064
SingleSwingLearning,0.620,64534.103,47.222,10245,0.064
SingleSwingLearning,0.626,64592.002,49.231,10269,0.064
SingleSwingLearning,0.623,64642.160,42.954,10276,0.064
SingleSwingLearning,0.632,64691.542,42.422,10270,0.064
SingleSwingLearning,0.647,64740.628,42.149,10270,0.064
SingleSwingLearning,0.648,64787.938,40.996,10270,0.064
SingleSwingLearning,0.649,64838.290,43.333,10270,0.064
SingleSwingLearning,0.657,64887.264,41.981,10270,0.064
SingleSwingLearning,0.621,64937.688,43.429,10270,0.064
SingleSwingLearning,0.632,64986.464,41.924,10270,0.064
SingleSwingLearning,0.643,65035.089,41.617,10270,0.064
SingleSwingLearning,0.640,65083.302,41.213,10270,0.064
SingleSwingLearning,0.634,65130.239,40.132,10270,0.064
SingleSwingLearning,0.633,65179.953,42.351,10270,0.064
SingleSwingLearning,0.644,65228.437,41.316,10270,0.064
SingleSwingLearning,0.614,65272.995,38.350,10270,0.064
SingleSwingLearning,0.647,65316.660,37.540,10270,0.064
SingleSwingLearning,0.634,65361.924,38.639,10270,0.064
SingleSwingLearning,0.638,65412.361,42.614,10270,0.064
SingleSwingLearning,0.616,65462.713,42.798,10261,0.064
SingleSwingLearning,0.634,65512.109,42.203,10270,0.064
SingleSwingLearning,0.637,65558.160,39.540,10268,0.064
SingleSwingLearning,0.639,65607.110,41.394,10281,0.064
SingleSwingLearning,0.645,65654.435,40.480,10270,0.064
SingleSwingLearning,0.638,65700.413,39.217,10279,0.064
SingleSwingLearning,0.648,65748.212,40.533,10301,0.064
SingleSwingLearning,0.631,65794.157,39.024,10256,0.064
SingleSwingLearning,0.637,65838.031,37.708,10270,0.064
SingleSwingLearning,0.622,65882.885,38.531,10270,0.064
SingleSwingLearning,0.613,65929.733,40.001,10245,0.064
SingleSwingLearning,0.632,65977.508,40.818,10288,0.064
SingleSwingLearning,0.639,66027.811,43.275,10302,0.064
SingleSwingLearning,0.615,66084.730,48.593,10296,0.064
SingleSwingLearning,0.623,66138.251,46.292,10270,0.064
SingleSwingLearning,0.632,66189.505,44.368,10270,0.064
SingleSwingLearning,0.685,66242.859,45.956,10270,0.064
SingleSwingLearning,0.631,66297.390,46.696,10270,0.064
SingleSwingLearning,0.646,66351.247,46.215,10270,0.064
SingleSwingLearning,0.624,66400.483,42.468,10270,0.064
SingleSwingLearning,0.629,66449.122,41.732,10270,0.064
SingleSwingLearning,0.621,66499.530,43.111,10270,0.064
SingleSwingLearning,0.639,66552.917,45.493,10270,0.064
SingleSwingLearning,0.645,66605.945,45.353,10270,0.064
SingleSwingLearning,0.642,66656.490,43.103,10270,0.064
SingleSwingLearning,0.657,66709.039,44.785,10270,0.064
SingleSwingLearning,0.628,66760.958,44.292,10270,0.064
SingleSwingLearning,0.692,66810.856,42.494,10270,0.064
SingleSwingLearning,0.651,66862.871,44.320,10270,0.064
SingleSwingLearning,0.636,66914.764,44.239,10270,0.064
SingleSwingLearning,0.663,66966.672,44.161,10270,0.064
SingleSwingLearning,0.635,67018.018,43.781,10270,0.064
SingleSwingLearning,0.651,67064.725,40.026,10270,0.064
SingleSwingLearning,0.623,67111.513,40.046,10270,0.064
SingleSwingLearning,0.606,67158.302,40.183,10270,0.064
SingleSwingLearning,0.628,67205.791,40.696,10270,0.064
SingleSwingLearning,0.637,67257.578,44.586,10287,0.064
SingleSwingLearning,0.643,67310.486,45.026,10257,0.064
SingleSwingLearning,0.620,67360.832,43.429,10270,0.064
SingleSwingLearning,0.619,67411.083,43.383,10270,0.064
SingleSwingLearning,0.632,67463.423,45.037,10270,0.064
SingleSwingLearning,0.624,67516.716,45.953,10270,0.064
SingleSwingLearning,0.631,67573.714,48.812,10270,0.064
SingleSwingLearning,0.613,67626.991,45.911,10270,0.064
SingleSwingLearning,0.637,67679.866,45.527,10270,0.064
SingleSwingLearning,0.643,67733.661,46.226,10270,0.064
SingleSwingLearning,0.634,67788.878,47.273,10270,0.064
SingleSwingLearning,0.655,67844.869,48.198,10300,0.064
SingleSwingLearning,0.624,67899.012,46.356,10252,0.064
SingleSwingLearning,0.639,67951.860,45.504,10270,0.064
SingleSwingLearning,0.652,68006.799,47.195,10270,0.064
SingleSwingLearning,0.643,68062.409,47.490,10270,0.064
SingleSwingLearning,0.636,68114.228,44.521,10270,0.064
SingleSwingLearning,0.631,68167.623,45.896,10270,0.064
SingleSwingLearning,0.636,68217.220,42.650,10270,0.064
SingleSwingLearning,0.638,68265.755,41.717,10270,0.064
SingleSwingLearning,0.629,68319.261,45.034,10259,0.064
SingleSwingLearning,0.635,68368.691,42.210,10242,0.064
SingleSwingLearning,0.634,68416.183,40.819,10270,0.064
SingleSwingLearning,0.617,68470.730,47.078,10270,0.064
SingleSwingLearning,0.625,68525.566,47.314,10270,0.064
SingleSwingLearning,0.644,68580.597,47.179,10270,0.064
SingleSwingLearning,0.628,68634.359,46.404,10270,0.064
SingleSwingLearning,0.644,68686.651,45.080,10270,0.064
SingleSwingLearning,0.614,68734.647,41.332,10270,0.064
SingleSwingLearning,0.631,68782.547,41.219,10270,0.064
SingleSwingLearning,0.652,68831.565,41.912,10270,0.064
SingleSwingLearning,0.607,68879.279,41.017,10270,0.064
SingleSwingLearning,0.683,68927.761,41.676,10270,0.064
SingleSwingLearning,0.642,68977.273,42.485,10270,0.064
SingleSwingLearning,0.651,69028.881,44.138,10270,0.064
SingleSwingLearning,0.656,69077.873,41.817,10270,0.064
SingleSwingLearning,0.648,69130.206,44.773,10270,0.064
SingleSwingLearning,0.656,69187.201,48.957,10270,0.064
SingleSwingLearning,0.639,69247.378,51.561,10270,0.064
SingleSwingLearning,0.647,69306.050,50.114,10270,0.064
SingleSwingLearning,0.663,69363.839,49.201,10270,0.064
SingleSwingLearning,0.639,69419.611,47.784,10270,0.064
SingleSwingLearning,0.647,69473.825,46.521,10270,0.064
SingleSwingLearning,0.645,69531.476,49.366,10270,0.064
SingleSwingLearning,0.651,69587.324,47.845,10270,0.064
SingleSwingLearning,0.669,69647.924,51.956,10270,0.064
SingleSwingLearning,0.641,69714.961,56.470,10289,0.064
SingleSwingLearning,0.632,69777.602,52.742,10255,0.064
SingleSwingLearning,0.651,69833.049,47.042,10286,0.064
SingleSwingLearning,0.631,69892.392,50.034,10301,0.064
SingleSwingLearning,0.638,69946.931,46.932,10270,0.064
SingleSwingLearning,0.627,70003.231,48.359,10270,0.064
SingleSwingLearning,0.643,70059.808,48.458,10264,0.064
SingleSwingLearning,0.632,70114.482,47.036,10270,0.064
SingleSwingLearning,0.632,70174.344,50.297,10269,0.064
SingleSwingLearning,0.619,70228.756,46.799,10270,0.064
SingleSwingLearning,0.633,70281.745,45.560,10270,0.064
SingleSwingLearning,0.648,70334.962,45.593,10262,0.064
SingleSwingLearning,0.641,70399.013,53.722,10280,0.064
SingleSwingLearning,0.630,70460.085,51.458,10292,0.064
SingleSwingLearning,0.658,70518.047,49.451,10253,0.064
SingleSwingLearning,0.649,70572.484,46.720,10252,0.064
SingleSwingLearning,0.654,70631.376,49.858,10245,0.064
SingleSwingLearning,0.646,70691.969,50.841,10248,0.064
SingleSwingLearning,0.635,70752.555,50.871,10255,0.064
SingleSwingLearning,0.624,70804.902,44.860,10289,0.064
SingleSwingLearning,0.615,70853.327,41.401,10270,0.064
SingleSwingLearning,0.624,70898.879,39.310,10270,0.064
SingleSwingLearning,0.631,70945.269,39.831,10260,0.064
SingleSwingLearning,0.646,70992.063,40.058,10270,0.064
SingleSwingLearning,0.631,71043.633,43.694,10289,0.064
SingleSwingLearning,0.655,71102.726,50.169,10304,0.064
SingleSwingLearning,0.627,71161.232,49.384,10273,0.064
SingleSwingLearning,0.638,71217.706,48.022,10264,0.064
SingleSwingLearning,0.637,71272.055,45.875,10242,0.064
SingleSwingLearning,0.641,71322.359,43.184,10297,0.064
SingleSwingLearning,0.637,71376.847,46.545,10297,0.064
SingleSwingLearning,0.618,71426.307,42.510,10270,0.064
SingleSwingLearning,0.651,71486.469,50.106,10263,0.064
SingleSwingLearning,0.628,71535.820,42.048,10247,0.064
SingleSwingLearning,0.645,71585.440,42.528,10299,0.064
SingleSwingLearning,0.614,71642.329,47.994,10282,0.064
SingleSwingLearning,0.621,71697.806,47.031,10290,0.064
SingleSwingLearning,0.630,71746.075,41.234,10270,0.064
SingleSwingLearning,0.622,71797.789,43.639,10258,0.064
SingleSwingLearning,0.636,71853.361,46.876,10275,0.064
SingleSwingLearning,0.621,71912.795,50.566,10294,0.064
SingleSwingLearning,0.684,71963.163,43.375,10270,0.064
SingleSwingLearning,0.625,72014.264,43.940,10270,0.064
SingleSwingLearning,0.645,72065.993,44.507,10270,0.064
SingleSwingLearning,0.624,72115.116,42.436,10270,0.064
SingleSwingLearning,0.651,72164.304,42.406,10270,0.064
SingleSwingLearning,0.644,72214.708,43.396,10270,0.064
SingleSwingLearning,0.648,72265.280,43.392,10270,0.064
SingleSwingLearning,0.653,72318.491,45.541,10271,0.064
SingleSwingLearning,0.618,72381.581,53.206,10282,0.064
SingleSwingLearning,0.659,72441.633,50.637,10247,0.064
SingleSwingLearning,0.663,72502.279,51.192,10271,0.064
SingleSwingLearning,0.631,72565.244,52.840,10243,0.064
SingleSwingLearning,0.645,72627.095,52.475,10265,0.064
SingleSwingLearning,0.664,72682.193,46.848,10278,0.064
SingleSwingLearning,0.627,72735.495,45.378,10251,0.064
SingleSwingLearning,0.636,72782.998,40.974,10270,0.064
SingleSwingLearning,0.603,72837.565,46.828,10246,0.064
SingleSwingLearning,0.628,72898.697,51.691,10296,0.064
SingleSwingLearning,0.619,72962.191,54.320,10245,0.064
SingleSwingLearning,0.633,73016.307,46.404,10294,0.064
SingleSwingLearning,0.609,73076.191,51.058,10273,0.064
SingleSwingLearning,0.613,73130.628,46.644,10270,0.064
SingleSwingLearning,0.634,73190.863,50.989,10262,0.064
SingleSwingLearning,0.658,73254.786,54.007,10253,0.064
SingleSwingLearning,0.659,73319.550,54.622,10278,0.064
SingleSwingLearning,0.657,73372.842,45.663,10270,0.064
SingleSwingLearning,0.628,73422.192,42.881,10270,0.064
SingleSwingLearning,0.637,73477.754,47.566,10295,0.064
SingleSwingLearning,0.624,73531.023,45.780,10304,0.064
SingleSwingLearning,0.636,73580.848,43.071,10270,0.064
SingleSwingLearning,0.643,73637.838,48.649,10270,0.064
SingleSwingLearning,0.652,73694.046,48.251,10270,0.064
SingleSwingLearning,0.649,73745.492,44.422,10270,0.064
SingleSwingLearning,0.655,73803.161,49.436,10270,0.064
SingleSwingLearning,0.623,73871.996,57.602,10292,0.064
SingleSwingLearning,0.649,73936.634,54.566,10270,0.064
SingleSwingLearning,0.633,73992.665,48.014,10270,0.064
SingleSwingLearning,0.619,74047.057,46.638,10270,0.064
SingleSwingLearning,0.643,74102.419,47.455,10270,0.064
SingleSwingLearning,0.628,74163.727,52.665,10270,0.064
SingleSwingLearning,0.643,74226.263,53.570,10270,0.064
SingleSwingLearning,0.668,74290.262,54.931,10270,0.064
SingleSwingLearning,0.650,74352.830,53.749,10270,0.064
SingleSwingLearning,0.643,74414.474,52.778,10270,0.064
SingleSwingLearning,0.634,74476.850,53.149,10266,0.064
SingleSwingLearning,0.623,74533.674,48.361,10259,0.064
SingleSwingLearning,0.625,74587.156,45.745,10277,0.064
SingleSwingLearning,0.658,74633.726,40.410,10270,0.064
SingleSwingLearning,0.615,74682.310,41.876,10270,0.064
SingleSwingLearning,0.630,74734.660,44.912,10247,0.064
SingleSwingLearning,0.627,74781.433,40.531,10262,0.064
SingleSwingLearning,0.618,74831.624,42.976,10265,0.064
SingleSwingLearning,0.624,74878.155,40.357,10270,0.064
SingleSwingLearning,0.615,74924.271,39.944,10270,0.064
SingleSwingLearning,0.652,74969.316,38.891,10247,0.064
SingleSwingLearning,0.629,75022.693,45.690,10254,0.064
SingleSwingLearning,0.628,75079.404,48.278,10291,0.064
SingleSwingLearning,0.625,75135.224,47.830,10246,0.064
SingleSwingLearning,0.634,75189.260,46.497,10256,0.064
